,Supplier_Lead_Time,Inventory_Levels,Order_Frequency,Delivery_Performance,Cost_Per_Unit
Supplier_Lead_Time,1.0,0.2933353856266416,-0.8418682508600045,-0.8807631056792398,0.9523904247648427
Inventory_Levels,0.2933353856266416,1.0,-0.20301399380996965,-0.21779129418213516,0.28395004312042726
Order_Frequency,-0.8418682508600045,-0.20301399380996965,1.0,0.7562475754741386,-0.773753849710208
Delivery_Performance,-0.8807631056792398,-0.21779129418213516,0.7562475754741386,1.0,-0.8878034829385387
Cost_Per_Unit,0.9523904247648427,0.28395004312042726,-0.773753849710208,-0.8878034829385387,1.0
